"module name","license","repository"
"@arcanis/slice-ansi@1.0.2","MIT*",""
"@babel/code-frame@7.12.13","MIT","https://github.com/babel/babel"
"@babel/helper-validator-identifier@7.14.0","MIT","https://github.com/babel/babel"
"@babel/highlight@7.14.0","MIT","https://github.com/babel/babel"
"@deepcode/dcignore@1.0.2","MIT","https://github.com/DeepCodeAI/dcignore"
"@nodelib/fs.scandir@2.1.5","MIT","https://github.com/nodelib/nodelib/tree/master/packages/fs/fs.scandir"
"@nodelib/fs.stat@2.0.5","MIT","https://github.com/nodelib/nodelib/tree/master/packages/fs/fs.stat"
"@nodelib/fs.walk@1.2.7","MIT","https://github.com/nodelib/nodelib/tree/master/packages/fs/fs.walk"
"@octetstream/promisify@2.0.2","MIT","https://github.com/octet-stream/promisify"
"@open-policy-agent/opa-wasm@1.2.0","Apache-2.0","https://github.com/open-policy-agent/npm-opa-wasm"
"@sindresorhus/is@0.14.0","MIT","https://github.com/sindresorhus/is"
"@sindresorhus/is@2.1.1","MIT","https://github.com/sindresorhus/is"
"@sindresorhus/is@4.0.1","MIT","https://github.com/sindresorhus/is"
"@snyk/cli-interface@2.11.0","Apache-2.0","https://github.com/snyk/snyk-cli-interface"
"@snyk/cloud-config-parser@1.9.2","Apache-2.0","https://github.com/snyk/snyk-config-parser"
"@snyk/cocoapods-lockfile-parser@3.6.2","Apache-2.0","https://github.com/snyk/cocoapods-lockfile-parser"
"@snyk/code-client@3.7.0","MIT","https://github.com/snyk/code-client"
"@snyk/composer-lockfile-parser@1.4.1","Apache-2.0","https://github.com/snyk/composer-lockfile-parser"
"@snyk/dep-graph@1.28.0","Apache-2.0","https://github.com/snyk/dep-graph"
"@snyk/docker-registry-v2-client@2.2.1","Apache-2.0","https://github.com/snyk/docker-registry-v2-client"
"@snyk/fast-glob@3.2.6-patch","MIT","https://github.com/mrmlnc/fast-glob"
"@snyk/fix-pipenv-pipfile@0.4.3","Apache-2.0","https://github.com/snyk-tech-services/python-fix"
"@snyk/fix@1.620.0","Apache-2.0","https://github.com/snyk/snyk"
"@snyk/gemfile@1.2.0","MIT","https://github.com/snyk/gemfile"
"@snyk/glob-parent@5.1.2-patch.1","ISC","https://github.com/gulpjs/glob-parent"
"@snyk/graphlib@2.1.9-patch.3","MIT","https://github.com/dagrejs/graphlib"
"@snyk/inquirer@7.3.3-patch","MIT","https://github.com/snyk/Inquirer.js"
"@snyk/java-call-graph-builder@1.21.0","Apache-2.0","https://github.com/snyk/java-call-graph-builder"
"@snyk/java-call-graph-builder@1.23.0","Apache-2.0","https://github.com/snyk/java-call-graph-builder"
"@snyk/mix-parser@1.3.2","Apache-2.0","https://github.com/snyk/mix-parser"
"@snyk/rpm-parser@2.2.1","Apache-2.0","https://github.com/snyk/rpm-parser"
"@snyk/snyk-cocoapods-plugin@2.5.2","Apache-2.0","https://github.com/snyk/snyk-cocoapods-plugin"
"@snyk/snyk-docker-pull@3.2.5","Apache-2.0","https://github.com/snyk/docker-pull"
"@snyk/snyk-hex-plugin@1.1.4","Apache-2.0","https://github.com/snyk/snyk-hex-plugin"
"@szmarczak/http-timer@1.1.2","MIT","https://github.com/szmarczak/http-timer"
"@szmarczak/http-timer@4.0.5","MIT","https://github.com/szmarczak/http-timer"
"@types/cacheable-request@6.0.1","MIT","https://github.com/DefinitelyTyped/DefinitelyTyped"
"@types/debug@4.1.5","MIT","https://github.com/DefinitelyTyped/DefinitelyTyped"
"@types/emscripten@1.39.4","MIT","https://github.com/DefinitelyTyped/DefinitelyTyped"
"@types/flat-cache@2.0.0","MIT","https://github.com/DefinitelyTyped/DefinitelyTyped"
"@types/graphlib@2.1.7","MIT","https://github.com/DefinitelyTyped/DefinitelyTyped"
"@types/http-cache-semantics@4.0.0","MIT","https://github.com/DefinitelyTyped/DefinitelyTyped"
"@types/js-yaml@3.12.6","MIT","https://github.com/DefinitelyTyped/DefinitelyTyped"
"@types/keyv@3.1.1","MIT","https://github.com/DefinitelyTyped/DefinitelyTyped"
"@types/lodash.chunk@4.2.6","MIT","https://github.com/DefinitelyTyped/DefinitelyTyped"
"@types/lodash.omit@4.5.6","MIT","https://github.com/DefinitelyTyped/DefinitelyTyped"
"@types/lodash.union@4.6.6","MIT","https://github.com/DefinitelyTyped/DefinitelyTyped"
"@types/lodash@4.14.170","MIT","https://github.com/DefinitelyTyped/DefinitelyTyped"
"@types/minimatch@3.0.4","MIT","https://github.com/DefinitelyTyped/DefinitelyTyped"
"@types/minimist@1.2.1","MIT","https://github.com/DefinitelyTyped/DefinitelyTyped"
"@types/multimatch@4.0.0","MIT","https://github.com/sindresorhus/multimatch"
"@types/node@13.13.52","MIT","https://github.com/DefinitelyTyped/DefinitelyTyped"
"@types/node@15.12.2","MIT","https://github.com/DefinitelyTyped/DefinitelyTyped"
"@types/normalize-package-data@2.4.0","MIT","https://github.com/DefinitelyTyped/DefinitelyTyped"
"@types/parse-json@4.0.0","MIT","https://github.com/DefinitelyTyped/DefinitelyTyped"
"@types/responselike@1.0.0","MIT","https://github.com/DefinitelyTyped/DefinitelyTyped"
"@types/sarif@2.1.3","MIT","https://github.com/DefinitelyTyped/DefinitelyTyped"
"@types/semver@7.3.6","MIT","https://github.com/DefinitelyTyped/DefinitelyTyped"
"@types/tinycolor2@1.4.2","MIT","https://github.com/DefinitelyTyped/DefinitelyTyped"
"@types/treeify@1.0.0","MIT","https://github.com/DefinitelyTyped/DefinitelyTyped"
"@types/uuid@8.3.0","MIT","https://github.com/DefinitelyTyped/DefinitelyTyped"
"@yarnpkg/core@2.4.0","BSD-2-Clause","https://github.com/yarnpkg/berry"
"@yarnpkg/fslib@2.4.0","BSD-2-Clause","https://github.com/yarnpkg/berry"
"@yarnpkg/json-proxy@2.1.0","BSD-2-Clause","https://github.com/yarnpkg/berry"
"@yarnpkg/libzip@2.2.1","BSD-2-Clause","https://github.com/yarnpkg/berry"
"@yarnpkg/lockfile@1.1.0","BSD-2-Clause","https://github.com/yarnpkg/yarn/blob/master/packages/lockfile"
"@yarnpkg/parsers@2.3.0","BSD-2-Clause","https://github.com/yarnpkg/berry"
"@yarnpkg/pnp@2.3.2","BSD-2-Clause","https://github.com/yarnpkg/berry"
"@yarnpkg/shell@2.4.1","BSD-2-Clause","https://github.com/yarnpkg/berry"
"abbrev@1.1.1","ISC","https://github.com/isaacs/abbrev-js"
"aggregate-error@3.1.0","MIT","https://github.com/sindresorhus/aggregate-error"
"ajv@6.12.6","MIT","https://github.com/ajv-validator/ajv"
"ansi-align@3.0.0","ISC","https://github.com/nexdrew/ansi-align"
"ansi-escapes@3.2.0","MIT","https://github.com/sindresorhus/ansi-escapes"
"ansi-escapes@4.3.2","MIT","https://github.com/sindresorhus/ansi-escapes"
"ansi-regex@2.1.1","MIT","https://github.com/chalk/ansi-regex"
"ansi-regex@3.0.0","MIT","https://github.com/chalk/ansi-regex"
"ansi-regex@4.1.0","MIT","https://github.com/chalk/ansi-regex"
"ansi-regex@5.0.0","MIT","https://github.com/chalk/ansi-regex"
"ansi-styles@3.2.1","MIT","https://github.com/chalk/ansi-styles"
"ansi-styles@4.3.0","MIT","https://github.com/chalk/ansi-styles"
"ansicolors@0.3.2","MIT","https://github.com/thlorenz/ansicolors"
"any-promise@1.3.0","MIT","https://github.com/kevinbeaty/any-promise"
"aproba@1.2.0","ISC","https://github.com/iarna/aproba"
"archy@1.0.0","MIT","https://github.com/substack/node-archy"
"are-we-there-yet@1.1.5","ISC","https://github.com/iarna/are-we-there-yet"
"argparse@1.0.10","MIT","https://github.com/nodeca/argparse"
"argparse@2.0.1","Python-2.0","https://github.com/nodeca/argparse"
"array-differ@3.0.0","MIT","https://github.com/sindresorhus/array-differ"
"array-union@2.1.0","MIT","https://github.com/sindresorhus/array-union"
"arrify@1.0.1","MIT","https://github.com/sindresorhus/arrify"
"arrify@2.0.1","MIT","https://github.com/sindresorhus/arrify"
"asap@2.0.6","MIT","https://github.com/kriskowal/asap"
"asn1@0.2.4","MIT","https://github.com/joyent/node-asn1"
"assert-plus@1.0.0","MIT","https://github.com/mcavage/node-assert-plus"
"async@3.2.0","MIT","https://github.com/caolan/async"
"asynckit@0.4.0","MIT","https://github.com/alexindigo/asynckit"
"aws-sign2@0.7.0","Apache-2.0","https://github.com/mikeal/aws-sign"
"aws4@1.11.0","MIT","https://github.com/mhart/aws4"
"axios@0.21.1","MIT","https://github.com/axios/axios"
"balanced-match@1.0.2","MIT","https://github.com/juliangruber/balanced-match"
"base64-js@1.5.1","MIT","https://github.com/beatgammit/base64-js"
"bcrypt-pbkdf@1.0.2","BSD-3-Clause","https://github.com/joyent/node-bcrypt-pbkdf"
"binjumper@0.1.4","MIT","https://github.com/merceyz/binjumper"
"bl@1.2.3","MIT","https://github.com/rvagg/bl"
"bl@4.1.0","MIT","https://github.com/rvagg/bl"
"boolean@3.1.0","MIT","https://github.com/thenativeweb/boolean"
"bottleneck@2.19.5","MIT","https://github.com/SGrondin/bottleneck"
"boxen@5.0.1","MIT","https://github.com/sindresorhus/boxen"
"brace-expansion@1.1.11","MIT","https://github.com/juliangruber/brace-expansion"
"braces@3.0.2","MIT","https://github.com/micromatch/braces"
"browserify-zlib@0.1.4","MIT","https://github.com/devongovett/browserify-zlib"
"buffer-alloc-unsafe@1.1.0","MIT","https://github.com/LinusU/buffer-alloc-unsafe"
"buffer-alloc@1.2.0","MIT","https://github.com/LinusU/buffer-alloc"
"buffer-fill@1.0.0","MIT","https://github.com/LinusU/buffer-fill"
"buffer-from@1.1.1","MIT","https://github.com/LinusU/buffer-from"
"buffer@5.7.1","MIT","https://github.com/feross/buffer"
"cacheable-lookup@2.0.1","MIT","https://github.com/szmarczak/cacheable-lookup"
"cacheable-lookup@5.0.4","MIT","https://github.com/szmarczak/cacheable-lookup"
"cacheable-request@6.1.0","MIT","https://github.com/lukechilds/cacheable-request"
"cacheable-request@7.0.1","MIT","https://github.com/lukechilds/cacheable-request"
"call-bind@1.0.2","MIT","https://github.com/ljharb/call-bind"
"callsites@3.1.0","MIT","https://github.com/sindresorhus/callsites"
"camelcase-keys@6.2.2","MIT","https://github.com/sindresorhus/camelcase-keys"
"camelcase@5.3.1","MIT","https://github.com/sindresorhus/camelcase"
"camelcase@6.2.0","MIT","https://github.com/sindresorhus/camelcase"
"caseless@0.12.0","Apache-2.0","https://github.com/mikeal/caseless"
"chalk@2.4.2","MIT","https://github.com/chalk/chalk"
"chalk@3.0.0","MIT","https://github.com/chalk/chalk"
"chalk@4.1.0","MIT","https://github.com/chalk/chalk"
"chalk@4.1.1","MIT","https://github.com/chalk/chalk"
"chardet@0.7.0","MIT","https://github.com/runk/node-chardet"
"child-process@1.0.2","ISC","https://github.com/npm/security-holder"
"chownr@1.1.4","ISC","https://github.com/isaacs/chownr"
"chownr@2.0.0","ISC","https://github.com/isaacs/chownr"
"ci-info@2.0.0","MIT","https://github.com/watson/ci-info"
"clean-stack@2.2.0","MIT","https://github.com/sindresorhus/clean-stack"
"cli-boxes@2.2.1","MIT","https://github.com/sindresorhus/cli-boxes"
"cli-cursor@3.1.0","MIT","https://github.com/sindresorhus/cli-cursor"
"cli-spinner@0.2.10","MIT","https://github.com/helloIAmPau/node-spinner"
"cli-spinners@2.6.0","MIT","https://github.com/sindresorhus/cli-spinners"
"cli-width@3.0.0","ISC","https://github.com/knownasilya/cli-width"
"clipanion@2.6.2","MIT","https://github.com/arcanis/clipanion"
"clone-response@1.0.2","MIT","https://github.com/lukechilds/clone-response"
"clone@1.0.4","MIT","https://github.com/pvorb/node-clone"
"code-point-at@1.1.0","MIT","https://github.com/sindresorhus/code-point-at"
"color-convert@1.9.3","MIT","https://github.com/Qix-/color-convert"
"color-convert@2.0.1","MIT","https://github.com/Qix-/color-convert"
"color-name@1.1.3","MIT","https://github.com/dfcreative/color-name"
"color-name@1.1.4","MIT","https://github.com/colorjs/color-name"
"combined-stream@1.0.8","MIT","https://github.com/felixge/node-combined-stream"
"concat-map@0.0.1","MIT","https://github.com/substack/node-concat-map"
"configstore@5.0.1","BSD-2-Clause","https://github.com/yeoman/configstore"
"console-control-strings@1.1.0","ISC","https://github.com/iarna/console-control-strings"
"core-js@3.14.0","MIT","https://github.com/zloirock/core-js"
"core-util-is@1.0.2","MIT","https://github.com/isaacs/core-util-is"
"cosmiconfig@7.0.0","MIT","https://github.com/davidtheclark/cosmiconfig"
"cross-spawn@6.0.5","MIT","https://github.com/moxystudio/node-cross-spawn"
"cross-spawn@7.0.3","MIT","https://github.com/moxystudio/node-cross-spawn"
"crypto-random-string@2.0.0","MIT","https://github.com/sindresorhus/crypto-random-string"
"dashdash@1.14.1","MIT","https://github.com/trentm/node-dashdash"
"debug@3.2.7","MIT","https://github.com/visionmedia/debug"
"debug@4.3.1","MIT","https://github.com/visionmedia/debug"
"decamelize-keys@1.1.0","MIT","https://github.com/dsblv/decamelize-keys"
"decamelize@1.2.0","MIT","https://github.com/sindresorhus/decamelize"
"decompress-response@3.3.0","MIT","https://github.com/sindresorhus/decompress-response"
"decompress-response@5.0.0","MIT","https://github.com/sindresorhus/decompress-response"
"decompress-response@6.0.0","MIT","https://github.com/sindresorhus/decompress-response"
"deep-extend@0.6.0","MIT","https://github.com/unclechu/node-deep-extend"
"deepmerge@4.2.2","MIT","https://github.com/TehShrike/deepmerge"
"defaults@1.0.3","MIT","https://github.com/tmpvar/defaults"
"defer-to-connect@1.1.3","MIT","https://github.com/szmarczak/defer-to-connect"
"defer-to-connect@2.0.1","MIT","https://github.com/szmarczak/defer-to-connect"
"define-properties@1.1.3","MIT","https://github.com/ljharb/define-properties"
"delayed-stream@1.0.0","MIT","https://github.com/felixge/node-delayed-stream"
"delegates@1.0.0","MIT","https://github.com/visionmedia/node-delegates"
"detect-libc@1.0.3","Apache-2.0","https://github.com/lovell/detect-libc"
"detect-node@2.1.0","MIT","https://github.com/iliakan/detect-node"
"diff@4.0.2","BSD-3-Clause","https://github.com/kpdecker/jsdiff"
"dir-glob@3.0.1","MIT","https://github.com/kevva/dir-glob"
"docker-modem@2.1.3","Apache-2.0","https://github.com/apocas/docker-modem"
"dockerfile-ast@0.2.1","MIT","https://github.com/rcjsuen/dockerfile-ast"
"dot-prop@5.3.0","MIT","https://github.com/sindresorhus/dot-prop"
"dotnet-deps-parser@5.0.0","Apache-2.0","https://github.com/snyk/dotnet-deps-parser"
"duplexer3@0.1.4","BSD-3-Clause","https://github.com/floatdrop/duplexer3"
"duplexify@3.7.1","MIT","https://github.com/mafintosh/duplexify"
"ecc-jsbn@0.1.2","MIT","https://github.com/quartzjer/ecc-jsbn"
"elfy@1.0.0","MIT","https://github.com/indutny/elfy"
"email-validator@2.0.4","MIT","https://github.com/manishsaraan/email-validator"
"emoji-regex@7.0.3","MIT","https://github.com/mathiasbynens/emoji-regex"
"emoji-regex@8.0.0","MIT","https://github.com/mathiasbynens/emoji-regex"
"end-of-stream@1.1.0","MIT","https://github.com/mafintosh/end-of-stream"
"end-of-stream@1.4.4","MIT","https://github.com/mafintosh/end-of-stream"
"endian-reader@0.3.0","MIT","https://github.com/indutny/endian-reader"
"error-ex@1.3.2","MIT","https://github.com/qix-/node-error-ex"
"es6-error@4.1.1","MIT","https://github.com/bjyoungblood/es6-error"
"escape-goat@2.1.1","MIT","https://github.com/sindresorhus/escape-goat"
"escape-string-regexp@1.0.5","MIT","https://github.com/sindresorhus/escape-string-regexp"
"escape-string-regexp@4.0.0","MIT","https://github.com/sindresorhus/escape-string-regexp"
"esprima@4.0.1","BSD-2-Clause","https://github.com/jquery/esprima"
"event-loop-spinner@2.1.0","MIT","https://github.com/snyk/eventloop-spinner"
"execa@1.0.0","MIT","https://github.com/sindresorhus/execa"
"execa@4.1.0","MIT","https://github.com/sindresorhus/execa"
"extend@3.0.2","MIT","https://github.com/justmoon/node-extend"
"external-editor@3.1.0","MIT","https://github.com/mrkmg/node-external-editor"
"extsprintf@1.3.0","MIT","https://github.com/davepacheco/node-extsprintf"
"extsprintf@1.4.0","MIT","https://github.com/davepacheco/node-extsprintf"
"fast-deep-equal@3.1.3","MIT","https://github.com/epoberezkin/fast-deep-equal"
"fast-glob@3.2.5","MIT","https://github.com/mrmlnc/fast-glob"
"fast-json-stable-stringify@2.1.0","MIT","https://github.com/epoberezkin/fast-json-stable-stringify"
"fastq@1.11.0","ISC","https://github.com/mcollina/fastq"
"figures@3.2.0","MIT","https://github.com/sindresorhus/figures"
"fill-range@7.0.1","MIT","https://github.com/jonschlinkert/fill-range"
"find-up@4.1.0","MIT","https://github.com/sindresorhus/find-up"
"follow-redirects@1.14.1","MIT","https://github.com/follow-redirects/follow-redirects"
"forever-agent@0.6.1","Apache-2.0","https://github.com/mikeal/forever-agent"
"form-data@2.3.3","MIT","https://github.com/form-data/form-data"
"fs-constants@1.0.0","MIT","https://github.com/mafintosh/fs-constants"
"fs-extra@7.0.1","MIT","https://github.com/jprichardson/node-fs-extra"
"fs-minipass@1.2.7","ISC","https://github.com/npm/fs-minipass"
"fs-minipass@2.1.0","ISC","https://github.com/npm/fs-minipass"
"fs.realpath@1.0.0","ISC","https://github.com/isaacs/fs.realpath"
"function-bind@1.1.1","MIT","https://github.com/Raynos/function-bind"
"gauge@2.7.4","ISC","https://github.com/iarna/gauge"
"get-intrinsic@1.1.1","MIT","https://github.com/ljharb/get-intrinsic"
"get-stream@4.1.0","MIT","https://github.com/sindresorhus/get-stream"
"get-stream@5.2.0","MIT","https://github.com/sindresorhus/get-stream"
"getpass@0.1.7","MIT","https://github.com/arekinath/node-getpass"
"glob-parent@5.1.2","ISC","https://github.com/gulpjs/glob-parent"
"glob@7.1.7","ISC","https://github.com/isaacs/node-glob"
"global-agent@2.2.0","BSD-3-Clause","https://github.com/gajus/global-agent"
"global-dirs@3.0.0","MIT","https://github.com/sindresorhus/global-dirs"
"globalthis@1.0.2","MIT","https://github.com/ljharb/System.global"
"globby@11.0.3","MIT","https://github.com/sindresorhus/globby"
"got@10.7.0","MIT","https://github.com/sindresorhus/got"
"got@11.8.2","MIT","https://github.com/sindresorhus/got"
"got@9.6.0","MIT","https://github.com/sindresorhus/got"
"graceful-fs@4.2.6","ISC","https://github.com/isaacs/node-graceful-fs"
"gradient-string@1.2.0","MIT","https://github.com/bokub/gradient-string"
"grapheme-splitter@1.0.4","MIT","https://github.com/orling/grapheme-splitter"
"gunzip-maybe@1.4.2","MIT","https://github.com/mafintosh/gunzip-maybe"
"har-schema@2.0.0","ISC","https://github.com/ahmadnassri/har-schema"
"har-validator@5.1.5","MIT","https://github.com/ahmadnassri/node-har-validator"
"hard-rejection@2.1.0","MIT","https://github.com/sindresorhus/hard-rejection"
"has-flag@3.0.0","MIT","https://github.com/sindresorhus/has-flag"
"has-flag@4.0.0","MIT","https://github.com/sindresorhus/has-flag"
"has-symbols@1.0.2","MIT","https://github.com/inspect-js/has-symbols"
"has-unicode@2.0.1","ISC","https://github.com/iarna/has-unicode"
"has-yarn@2.1.0","MIT","https://github.com/sindresorhus/has-yarn"
"has@1.0.3","MIT","https://github.com/tarruda/has"
"hosted-git-info@2.8.9","ISC","https://github.com/npm/hosted-git-info"
"hosted-git-info@3.0.8","ISC","https://github.com/npm/hosted-git-info"
"hosted-git-info@4.0.2","ISC","https://github.com/npm/hosted-git-info"
"http-cache-semantics@4.1.0","BSD-2-Clause","https://github.com/kornelski/http-cache-semantics"
"http-signature@1.2.0","MIT","https://github.com/joyent/node-http-signature"
"http2-wrapper@1.0.3","MIT","https://github.com/szmarczak/http2-wrapper"
"human-signals@1.1.1","Apache-2.0","https://github.com/ehmicky/human-signals"
"iconv-lite@0.4.24","MIT","https://github.com/ashtuchkin/iconv-lite"
"ieee754@1.2.1","BSD-3-Clause","https://github.com/feross/ieee754"
"ignore-walk@3.0.4","ISC","https://github.com/isaacs/ignore-walk"
"ignore@5.1.8","MIT","https://github.com/kaelzhang/node-ignore"
"immediate@3.0.6","MIT","https://github.com/calvinmetcalf/immediate"
"import-fresh@3.3.0","MIT","https://github.com/sindresorhus/import-fresh"
"import-lazy@2.1.0","MIT","https://github.com/sindresorhus/import-lazy"
"imurmurhash@0.1.4","MIT","https://github.com/jensyt/imurmurhash-js"
"indent-string@4.0.0","MIT","https://github.com/sindresorhus/indent-string"
"inflight@1.0.6","ISC","https://github.com/npm/inflight"
"inherits@2.0.4","ISC","https://github.com/isaacs/inherits"
"ini@1.3.8","ISC","https://github.com/isaacs/ini"
"ini@2.0.0","ISC","https://github.com/isaacs/ini"
"is-absolute@1.0.0","MIT","https://github.com/jonschlinkert/is-absolute"
"is-arrayish@0.2.1","MIT","https://github.com/qix-/node-is-arrayish"
"is-callable@1.2.3","MIT","https://github.com/ljharb/is-callable"
"is-ci@2.0.0","MIT","https://github.com/watson/is-ci"
"is-core-module@2.4.0","MIT","https://github.com/inspect-js/is-core-module"
"is-deflate@1.0.0","MIT","https://github.com/watson/is-deflate"
"is-docker@2.2.1","MIT","https://github.com/sindresorhus/is-docker"
"is-extglob@2.1.1","MIT","https://github.com/jonschlinkert/is-extglob"
"is-fullwidth-code-point@1.0.0","MIT","https://github.com/sindresorhus/is-fullwidth-code-point"
"is-fullwidth-code-point@2.0.0","MIT","https://github.com/sindresorhus/is-fullwidth-code-point"
"is-fullwidth-code-point@3.0.0","MIT","https://github.com/sindresorhus/is-fullwidth-code-point"
"is-git-repository@2.0.0","MIT","https://github.com/JPeer264/node-is-git-repository"
"is-glob@4.0.1","MIT","https://github.com/micromatch/is-glob"
"is-gzip@1.0.0","MIT","https://github.com/kevva/is-gzip"
"is-installed-globally@0.4.0","MIT","https://github.com/sindresorhus/is-installed-globally"
"is-interactive@1.0.0","MIT","https://github.com/sindresorhus/is-interactive"
"is-npm@5.0.0","MIT","https://github.com/sindresorhus/is-npm"
"is-number@7.0.0","MIT","https://github.com/jonschlinkert/is-number"
"is-obj@2.0.0","MIT","https://github.com/sindresorhus/is-obj"
"is-path-inside@3.0.3","MIT","https://github.com/sindresorhus/is-path-inside"
"is-plain-obj@1.1.0","MIT","https://github.com/sindresorhus/is-plain-obj"
"is-relative@1.0.0","MIT","https://github.com/jonschlinkert/is-relative"
"is-stream@1.1.0","MIT","https://github.com/sindresorhus/is-stream"
"is-stream@2.0.0","MIT","https://github.com/sindresorhus/is-stream"
"is-typedarray@1.0.0","MIT","https://github.com/hughsk/is-typedarray"
"is-unc-path@1.0.0","MIT","https://github.com/jonschlinkert/is-unc-path"
"is-unicode-supported@0.1.0","MIT","https://github.com/sindresorhus/is-unicode-supported"
"is-windows@1.0.2","MIT","https://github.com/jonschlinkert/is-windows"
"is-wsl@2.2.0","MIT","https://github.com/sindresorhus/is-wsl"
"is-yarn-global@0.3.0","MIT","https://github.com/LitoMore/is-yarn-global"
"is@3.3.0","MIT","https://github.com/enricomarino/is"
"isarray@1.0.0","MIT","https://github.com/juliangruber/isarray"
"isexe@2.0.0","ISC","https://github.com/isaacs/isexe"
"isstream@0.1.2","MIT","https://github.com/rvagg/isstream"
"js-tokens@4.0.0","MIT","https://github.com/lydell/js-tokens"
"js-yaml@3.14.1","MIT","https://github.com/nodeca/js-yaml"
"js-yaml@4.1.0","MIT","https://github.com/nodeca/js-yaml"
"jsbn@0.1.1","MIT","https://github.com/andyperlitch/jsbn"
"json-buffer@3.0.0","MIT","https://github.com/dominictarr/json-buffer"
"json-buffer@3.0.1","MIT","https://github.com/dominictarr/json-buffer"
"json-file-plus@3.3.1","MIT","https://github.com/ljharb/json-file-plus"
"json-parse-even-better-errors@2.3.1","MIT","https://github.com/npm/json-parse-even-better-errors"
"json-schema-traverse@0.4.1","MIT","https://github.com/epoberezkin/json-schema-traverse"
"json-schema@0.2.3","AFLv2.1,BSD","https://github.com/kriszyp/json-schema"
"json-stringify-safe@5.0.1","ISC","https://github.com/isaacs/json-stringify-safe"
"json5@2.2.0","MIT","https://github.com/json5/json5"
"jsonfile@4.0.0","MIT","https://github.com/jprichardson/node-jsonfile"
"jsprim@1.4.1","MIT","https://github.com/joyent/node-jsprim"
"jszip@3.4.0","(MIT OR GPL-3.0)","https://github.com/Stuk/jszip"
"jszip@3.6.0","(MIT OR GPL-3.0)","https://github.com/Stuk/jszip"
"keyv@3.1.0","MIT","https://github.com/lukechilds/keyv"
"keyv@4.0.3","MIT","https://github.com/lukechilds/keyv"
"kind-of@6.0.3","MIT","https://github.com/jonschlinkert/kind-of"
"latest-version@5.1.0","MIT","https://github.com/sindresorhus/latest-version"
"lie@3.3.0","MIT","https://github.com/calvinmetcalf/lie"
"lines-and-columns@1.1.6","MIT","https://github.com/eventualbuddha/lines-and-columns"
"locate-path@5.0.0","MIT","https://github.com/sindresorhus/locate-path"
"lodash.assign@4.2.0","MIT","https://github.com/lodash/lodash"
"lodash.assignin@4.2.0","MIT","https://github.com/lodash/lodash"
"lodash.camelcase@4.3.0","MIT","https://github.com/lodash/lodash"
"lodash.chunk@4.2.0","MIT","https://github.com/lodash/lodash"
"lodash.clone@4.5.0","MIT","https://github.com/lodash/lodash"
"lodash.clonedeep@4.5.0","MIT","https://github.com/lodash/lodash"
"lodash.constant@3.0.0","MIT","https://github.com/lodash/lodash"
"lodash.defaults@4.2.0","MIT","https://github.com/lodash/lodash"
"lodash.filter@4.6.0","MIT","https://github.com/lodash/lodash"
"lodash.find@4.6.0","MIT","https://github.com/lodash/lodash"
"lodash.findindex@4.6.0","MIT","https://github.com/lodash/lodash"
"lodash.findkey@4.6.0","MIT","https://github.com/lodash/lodash"
"lodash.flatmap@4.5.0","MIT","https://github.com/lodash/lodash"
"lodash.flatten@4.4.0","MIT","https://github.com/lodash/lodash"
"lodash.flattendeep@4.4.0","MIT","https://github.com/lodash/lodash"
"lodash.foreach@4.5.0","MIT","https://github.com/lodash/lodash"
"lodash.get@4.4.2","MIT","https://github.com/lodash/lodash"
"lodash.groupby@4.6.0","MIT","https://github.com/lodash/lodash"
"lodash.has@4.5.2","MIT","https://github.com/lodash/lodash"
"lodash.invert@4.3.0","MIT","https://github.com/lodash/lodash"
"lodash.isboolean@3.0.3","MIT","https://github.com/lodash/lodash"
"lodash.isempty@4.4.0","MIT","https://github.com/lodash/lodash"
"lodash.isequal@4.5.0","MIT","https://github.com/lodash/lodash"
"lodash.isfunction@3.0.9","MIT","https://github.com/lodash/lodash"
"lodash.isnumber@3.0.3","MIT","https://github.com/lodash/lodash"
"lodash.isobject@3.0.2","MIT","https://github.com/lodash/lodash"
"lodash.isplainobject@4.0.6","MIT","https://github.com/lodash/lodash"
"lodash.isstring@4.0.1","MIT","https://github.com/lodash/lodash"
"lodash.isundefined@3.0.1","MIT","https://github.com/lodash/lodash"
"lodash.keys@4.2.0","MIT","https://github.com/lodash/lodash"
"lodash.last@3.0.0","MIT","https://github.com/lodash/lodash"
"lodash.map@4.6.0","MIT","https://github.com/lodash/lodash"
"lodash.merge@4.6.2","MIT","https://github.com/lodash/lodash"
"lodash.omit@4.5.0","MIT","https://github.com/lodash/lodash"
"lodash.orderby@4.6.0","MIT","https://github.com/lodash/lodash"
"lodash.reduce@4.6.0","MIT","https://github.com/lodash/lodash"
"lodash.set@4.3.2","MIT","https://github.com/lodash/lodash"
"lodash.size@4.2.0","MIT","https://github.com/lodash/lodash"
"lodash.sortby@4.7.0","MIT","https://github.com/lodash/lodash"
"lodash.sum@4.0.2","MIT","https://github.com/lodash/lodash"
"lodash.topairs@4.3.0","MIT","https://github.com/lodash/lodash"
"lodash.transform@4.6.0","MIT","https://github.com/lodash/lodash"
"lodash.union@4.6.0","MIT","https://github.com/lodash/lodash"
"lodash.uniq@4.5.0","MIT","https://github.com/lodash/lodash"
"lodash.upperfirst@4.3.1","MIT","https://github.com/lodash/lodash"
"lodash.values@4.3.0","MIT","https://github.com/lodash/lodash"
"lodash@4.17.21","MIT","https://github.com/lodash/lodash"
"log-symbols@4.1.0","MIT","https://github.com/sindresorhus/log-symbols"
"lowercase-keys@1.0.1","MIT","https://github.com/sindresorhus/lowercase-keys"
"lowercase-keys@2.0.0","MIT","https://github.com/sindresorhus/lowercase-keys"
"lru-cache@4.1.5","ISC","https://github.com/isaacs/node-lru-cache"
"lru-cache@5.1.1","ISC","https://github.com/isaacs/node-lru-cache"
"lru-cache@6.0.0","ISC","https://github.com/isaacs/node-lru-cache"
"macos-release@2.5.0","MIT","https://github.com/sindresorhus/macos-release"
"make-dir@3.1.0","MIT","https://github.com/sindresorhus/make-dir"
"map-obj@1.0.1","MIT","https://github.com/sindresorhus/map-obj"
"map-obj@4.2.1","MIT","https://github.com/sindresorhus/map-obj"
"matcher@3.0.0","MIT","https://github.com/sindresorhus/matcher"
"meow@9.0.0","MIT","https://github.com/sindresorhus/meow"
"merge-stream@2.0.0","MIT","https://github.com/grncdr/merge-stream"
"merge2@1.4.1","MIT","https://github.com/teambition/merge2"
"micromatch@4.0.2","MIT","https://github.com/micromatch/micromatch"
"micromatch@4.0.4","MIT","https://github.com/micromatch/micromatch"
"mime-db@1.48.0","MIT","https://github.com/jshttp/mime-db"
"mime-types@2.1.31","MIT","https://github.com/jshttp/mime-types"
"mimic-fn@2.1.0","MIT","https://github.com/sindresorhus/mimic-fn"
"mimic-response@1.0.1","MIT","https://github.com/sindresorhus/mimic-response"
"mimic-response@2.1.0","MIT","https://github.com/sindresorhus/mimic-response"
"mimic-response@3.1.0","MIT","https://github.com/sindresorhus/mimic-response"
"min-indent@1.0.1","MIT","https://github.com/thejameskyle/min-indent"
"minimatch@3.0.4","ISC","https://github.com/isaacs/minimatch"
"minimist-options@4.1.0","MIT","https://github.com/vadimdemedes/minimist-options"
"minimist@1.2.5","MIT","https://github.com/substack/minimist"
"minipass@2.9.0","ISC","https://github.com/isaacs/minipass"
"minipass@3.1.3","ISC","https://github.com/isaacs/minipass"
"minizlib@1.3.3","MIT","https://github.com/isaacs/minizlib"
"minizlib@2.1.2","MIT","https://github.com/isaacs/minizlib"
"mkdirp@0.5.5","MIT","https://github.com/substack/node-mkdirp"
"mkdirp@1.0.4","MIT","https://github.com/isaacs/node-mkdirp"
"ms@2.1.2","MIT","https://github.com/zeit/ms"
"ms@2.1.3","MIT","https://github.com/vercel/ms"
"multimatch@5.0.0","MIT","https://github.com/sindresorhus/multimatch"
"mute-stream@0.0.8","ISC","https://github.com/isaacs/mute-stream"
"nan@2.14.2","MIT","https://github.com/nodejs/nan"
"needle@2.6.0","MIT","https://github.com/tomas/needle"
"nice-try@1.0.5","MIT","https://github.com/electerious/nice-try"
"node-gyp@4.0.0","MIT","https://github.com/nodejs/node-gyp"
"node-pre-gyp@0.13.0","BSD-3-Clause","https://github.com/mapbox/node-pre-gyp"
"node.extend@2.0.2","(MIT OR GPL-2.0)","https://github.com/dreamerslab/node.extend"
"nodegit@0.27.0","MIT","https://github.com/nodegit/nodegit"
"nopt@3.0.6","ISC","https://github.com/npm/nopt"
"nopt@4.0.3","ISC","https://github.com/npm/nopt"
"normalize-package-data@2.5.0","BSD-2-Clause","https://github.com/npm/normalize-package-data"
"normalize-package-data@3.0.2","BSD-2-Clause","https://github.com/npm/normalize-package-data"
"normalize-url@4.5.1","MIT","https://github.com/sindresorhus/normalize-url"
"npm-bundled@1.1.2","ISC","https://github.com/npm/npm-bundled"
"npm-normalize-package-bin@1.0.1","ISC","https://github.com/npm/npm-normalize-package-bin"
"npm-packlist@1.4.8","ISC","https://github.com/npm/npm-packlist"
"npm-run-path@2.0.2","MIT","https://github.com/sindresorhus/npm-run-path"
"npm-run-path@4.0.1","MIT","https://github.com/sindresorhus/npm-run-path"
"npmlog@4.1.2","ISC","https://github.com/npm/npmlog"
"number-is-nan@1.0.1","MIT","https://github.com/sindresorhus/number-is-nan"
"oauth-sign@0.9.0","Apache-2.0","https://github.com/mikeal/oauth-sign"
"object-assign@4.1.1","MIT","https://github.com/sindresorhus/object-assign"
"object-hash@2.2.0","MIT","https://github.com/puleos/object-hash"
"object-keys@1.1.1","MIT","https://github.com/ljharb/object-keys"
"object.assign@4.1.2","MIT","https://github.com/ljharb/object.assign"
"once@1.3.3","ISC","https://github.com/isaacs/once"
"once@1.4.0","ISC","https://github.com/isaacs/once"
"onetime@5.1.2","MIT","https://github.com/sindresorhus/onetime"
"open@7.4.2","MIT","https://github.com/sindresorhus/open"
"ora@5.4.0","MIT","https://github.com/sindresorhus/ora"
"os-homedir@1.0.2","MIT","https://github.com/sindresorhus/os-homedir"
"os-name@3.1.0","MIT","https://github.com/sindresorhus/os-name"
"os-tmpdir@1.0.2","MIT","https://github.com/sindresorhus/os-tmpdir"
"osenv@0.1.5","ISC","https://github.com/npm/osenv"
"p-cancelable@1.1.0","MIT","https://github.com/sindresorhus/p-cancelable"
"p-cancelable@2.1.1","MIT","https://github.com/sindresorhus/p-cancelable"
"p-event@4.2.0","MIT","https://github.com/sindresorhus/p-event"
"p-finally@1.0.0","MIT","https://github.com/sindresorhus/p-finally"
"p-limit@2.3.0","MIT","https://github.com/sindresorhus/p-limit"
"p-locate@4.1.0","MIT","https://github.com/sindresorhus/p-locate"
"p-map@2.1.0","MIT","https://github.com/sindresorhus/p-map"
"p-map@4.0.0","MIT","https://github.com/sindresorhus/p-map"
"p-timeout@3.2.0","MIT","https://github.com/sindresorhus/p-timeout"
"p-try@2.2.0","MIT","https://github.com/sindresorhus/p-try"
"package-json@6.5.0","MIT","https://github.com/sindresorhus/package-json"
"pako@0.2.9","MIT","https://github.com/nodeca/pako"
"pako@1.0.11","(MIT AND Zlib)","https://github.com/nodeca/pako"
"parent-module@1.0.1","MIT","https://github.com/sindresorhus/parent-module"
"parse-json@5.2.0","MIT","https://github.com/sindresorhus/parse-json"
"parse-link-header@1.0.1","MIT","https://github.com/thlorenz/parse-link-header"
"path-exists@4.0.0","MIT","https://github.com/sindresorhus/path-exists"
"path-is-absolute@1.0.1","MIT","https://github.com/sindresorhus/path-is-absolute"
"path-key@2.0.1","MIT","https://github.com/sindresorhus/path-key"
"path-key@3.1.1","MIT","https://github.com/sindresorhus/path-key"
"path-parse@1.0.7","MIT","https://github.com/jbgutierrez/path-parse"
"path-type@4.0.0","MIT","https://github.com/sindresorhus/path-type"
"peek-stream@1.1.3","MIT","https://github.com/mafintosh/peek-stream"
"performance-now@2.1.0","MIT","https://github.com/braveg1rl/performance-now"
"picomatch@2.3.0","MIT","https://github.com/micromatch/picomatch"
"pluralize@7.0.0","MIT","https://github.com/blakeembrey/pluralize"
"prepend-http@2.0.0","MIT","https://github.com/sindresorhus/prepend-http"
"prettier@2.3.1","MIT","https://github.com/prettier/prettier"
"pretty-bytes@5.6.0","MIT","https://github.com/sindresorhus/pretty-bytes"
"process-nextick-args@2.0.1","MIT","https://github.com/calvinmetcalf/process-nextick-args"
"progress@2.0.3","MIT","https://github.com/visionmedia/node-progress"
"promise-deferred@2.0.3","MIT","https://github.com/ljharb/promise-deferred"
"promise-fs@2.1.1","MIT","https://github.com/octet-stream/promise-fs"
"promise-queue@2.2.5","MIT","https://github.com/azproduction/promise-queue"
"promise@7.3.1","MIT","https://github.com/then/promise"
"promiseback@2.0.3","MIT","https://github.com/ljharb/promiseback"
"proxy-from-env@1.1.0","MIT","https://github.com/Rob--W/proxy-from-env"
"pseudomap@1.0.2","ISC","https://github.com/isaacs/pseudomap"
"psl@1.8.0","MIT","https://github.com/lupomontero/psl"
"pump@1.0.3","MIT","https://github.com/mafintosh/pump"
"pump@2.0.1","MIT","https://github.com/mafintosh/pump"
"pump@3.0.0","MIT","https://github.com/mafintosh/pump"
"pumpify@1.5.1","MIT","https://github.com/mafintosh/pumpify"
"punycode@2.1.1","MIT","https://github.com/bestiejs/punycode.js"
"pupa@2.1.1","MIT","https://github.com/sindresorhus/pupa"
"qs@6.5.2","BSD-3-Clause","https://github.com/ljharb/qs"
"queue-microtask@1.2.3","MIT","https://github.com/feross/queue-microtask"
"queue@6.0.2","MIT","https://github.com/jessetane/queue"
"quick-lru@4.0.1","MIT","https://github.com/sindresorhus/quick-lru"
"quick-lru@5.1.1","MIT","https://github.com/sindresorhus/quick-lru"
"ramda@0.25.0","MIT","https://github.com/ramda/ramda"
"rc@1.2.8","(BSD-2-Clause OR MIT OR Apache-2.0)","https://github.com/dominictarr/rc"
"read-pkg-up@7.0.1","MIT","https://github.com/sindresorhus/read-pkg-up"
"read-pkg@5.2.0","MIT","https://github.com/sindresorhus/read-pkg"
"readable-stream@2.3.7","MIT","https://github.com/nodejs/readable-stream"
"readable-stream@3.6.0","MIT","https://github.com/nodejs/readable-stream"
"redent@3.0.0","MIT","https://github.com/sindresorhus/redent"
"registry-auth-token@4.2.1","MIT","https://github.com/rexxars/registry-auth-token"
"registry-url@5.1.0","MIT","https://github.com/sindresorhus/registry-url"
"request@2.88.2","Apache-2.0","https://github.com/request/request"
"resolve-alpn@1.1.2","MIT","https://github.com/szmarczak/resolve-alpn"
"resolve-from@4.0.0","MIT","https://github.com/sindresorhus/resolve-from"
"resolve@1.20.0","MIT","https://github.com/browserify/resolve"
"responselike@1.0.2","MIT","https://github.com/lukechilds/responselike"
"responselike@2.0.0","MIT","https://github.com/lukechilds/responselike"
"restore-cursor@3.1.0","MIT","https://github.com/sindresorhus/restore-cursor"
"reusify@1.0.4","MIT","https://github.com/mcollina/reusify"
"rimraf@2.7.1","ISC","https://github.com/isaacs/rimraf"
"rimraf@3.0.2","ISC","https://github.com/isaacs/rimraf"
"roarr@2.15.4","BSD-3-Clause","https://github.com/gajus/roarr"
"run-async@2.4.1","MIT","https://github.com/SBoudrias/run-async"
"run-parallel@1.2.0","MIT","https://github.com/feross/run-parallel"
"rxjs@6.6.7","Apache-2.0","https://github.com/reactivex/rxjs"
"safe-buffer@5.1.2","MIT","https://github.com/feross/safe-buffer"
"safe-buffer@5.2.1","MIT","https://github.com/feross/safe-buffer"
"safer-buffer@2.1.2","MIT","https://github.com/ChALkeR/safer-buffer"
"sax@1.2.4","ISC","https://github.com/isaacs/sax-js"
"semver-compare@1.0.0","MIT","https://github.com/substack/semver-compare"
"semver-diff@3.1.1","MIT","https://github.com/sindresorhus/semver-diff"
"semver@5.3.0","ISC","https://github.com/npm/node-semver"
"semver@5.7.1","ISC","https://github.com/npm/node-semver"
"semver@6.3.0","ISC","https://github.com/npm/node-semver"
"semver@7.3.5","ISC","https://github.com/npm/node-semver"
"serialize-error@7.0.1","MIT","https://github.com/sindresorhus/serialize-error"
"set-blocking@2.0.0","ISC","https://github.com/yargs/set-blocking"
"set-immediate-shim@1.0.1","MIT","https://github.com/sindresorhus/set-immediate-shim"
"setgit-cli@1.1.5","MIT","https://github.com/iTonyYo/setgit-cli"
"shebang-command@1.2.0","MIT","https://github.com/kevva/shebang-command"
"shebang-command@2.0.0","MIT","https://github.com/kevva/shebang-command"
"shebang-regex@1.0.0","MIT","https://github.com/sindresorhus/shebang-regex"
"shebang-regex@3.0.0","MIT","https://github.com/sindresorhus/shebang-regex"
"signal-exit@3.0.3","ISC","https://github.com/tapjs/signal-exit"
"slash@3.0.0","MIT","https://github.com/sindresorhus/slash"
"snyk-config@4.0.0","(Apache-2.0 AND MIT)","https://github.com/snyk/config"
"snyk-cpp-plugin@2.2.1","Apache-2.0","https://github.com/snyk/snyk-cpp-plugin"
"snyk-docker-plugin@4.20.8","Apache-2.0","https://github.com/snyk/snyk-docker-plugin"
"snyk-go-parser@1.4.1","Apache-2.0","https://github.com/snyk/snyk-go-parser"
"snyk-go-plugin@1.17.0","Apache-2.0","https://github.com/snyk/snyk-go-plugin"
"snyk-gradle-plugin@3.16.0","Apache-2.0","https://github.com/snyk/snyk-gradle-plugin"
"snyk-module@3.1.0","Apache-2.0","https://github.com/snyk/module"
"snyk-module@3.2.0","Apache-2.0","https://github.com/snyk/module"
"snyk-mvn-plugin@2.26.0","Apache-2.0","https://github.com/snyk/snyk-mvn-plugin"
"snyk-nodejs-lockfile-parser@1.34.0","Apache-2.0","https://github.com/snyk/nodejs-lockfile-parser"
"snyk-nodejs-lockfile-parser@1.35.0","Apache-2.0","https://github.com/snyk/nodejs-lockfile-parser"
"snyk-nuget-plugin@1.21.1","Apache-2.0","https://github.com/snyk/snyk-nuget-plugin"
"snyk-paket-parser@1.6.0","Apache-2.0","https://github.com/snyk/snyk-paket-parser"
"snyk-php-plugin@1.9.2","Apache-2.0","https://github.com/snyk/snyk-php-plugin"
"snyk-poetry-lockfile-parser@1.1.6","Apache-2.0","https://github.com/snyk/snyk-poetry-lockfile-parser"
"snyk-policy@1.19.0","Apache-2.0","https://github.com/snyk/policy"
"snyk-python-plugin@1.19.9","Apache-2.0","https://github.com/snyk/snyk-python-plugin"
"snyk-resolve-deps@4.7.2","Apache-2.0","https://github.com/Snyk/resolve-deps"
"snyk-resolve@1.1.0","Apache-2.0","https://github.com/snyk/resolve-package"
"snyk-sbt-plugin@2.11.0","Apache-2.0","https://github.com/snyk/snyk-sbt-plugin"
"snyk-tree@1.0.0","Apache-2.0","https://github.com/Snyk/tree"
"snyk-try-require@1.3.1","Apache-2.0","https://github.com/Snyk/try-require"
"snyk-try-require@2.0.1","Apache-2.0","https://github.com/Snyk/try-require"
"snyk@1.623.0","Apache-2.0","https://github.com/snyk/snyk"
"source-map-support@0.5.19","MIT","https://github.com/evanw/node-source-map-support"
"source-map@0.6.1","BSD-3-Clause","https://github.com/mozilla/source-map"
"spdx-correct@3.1.1","Apache-2.0","https://github.com/jslicense/spdx-correct.js"
"spdx-exceptions@2.3.0","CC-BY-3.0","https://github.com/kemitchell/spdx-exceptions.json"
"spdx-expression-parse@3.0.1","MIT","https://github.com/jslicense/spdx-expression-parse.js"
"spdx-license-ids@3.0.9","CC0-1.0","https://github.com/jslicense/spdx-license-ids"
"split-ca@1.0.1","ISC","https://github.com/bushong1/split-ca"
"sprintf-js@1.0.3","BSD-3-Clause","https://github.com/alexei/sprintf.js"
"sprintf-js@1.1.2","BSD-3-Clause","https://github.com/alexei/sprintf.js"
"ssh2-streams@0.4.10","MIT","https://github.com/mscdex/ssh2-streams"
"ssh2@0.8.9","MIT","https://github.com/mscdex/ssh2"
"sshpk@1.16.1","MIT","https://github.com/joyent/node-sshpk"
"stream-buffers@3.0.2","Unlicense","https://github.com/samcday/node-stream-buffer"
"stream-shift@1.0.1","MIT","https://github.com/mafintosh/stream-shift"
"stream-to-array@2.3.0","MIT","https://github.com/stream-utils/stream-to-array"
"stream-to-promise@2.2.0","MIT","https://github.com/bendrucker/stream-to-promise"
"streamsearch@0.1.2","MIT","https://github.com/mscdex/streamsearch"
"string-width@1.0.2","MIT","https://github.com/sindresorhus/string-width"
"string-width@2.1.1","MIT","https://github.com/sindresorhus/string-width"
"string-width@3.1.0","MIT","https://github.com/sindresorhus/string-width"
"string-width@4.2.2","MIT","https://github.com/sindresorhus/string-width"
"string_decoder@1.1.1","MIT","https://github.com/nodejs/string_decoder"
"string_decoder@1.3.0","MIT","https://github.com/nodejs/string_decoder"
"strip-ansi@3.0.1","MIT","https://github.com/chalk/strip-ansi"
"strip-ansi@4.0.0","MIT","https://github.com/chalk/strip-ansi"
"strip-ansi@5.2.0","MIT","https://github.com/chalk/strip-ansi"
"strip-ansi@6.0.0","MIT","https://github.com/chalk/strip-ansi"
"strip-eof@1.0.0","MIT","https://github.com/sindresorhus/strip-eof"
"strip-final-newline@2.0.0","MIT","https://github.com/sindresorhus/strip-final-newline"
"strip-indent@3.0.0","MIT","https://github.com/sindresorhus/strip-indent"
"strip-json-comments@2.0.1","MIT","https://github.com/sindresorhus/strip-json-comments"
"supports-color@5.5.0","MIT","https://github.com/chalk/supports-color"
"supports-color@7.2.0","MIT","https://github.com/chalk/supports-color"
"tar-fs@1.16.3","MIT","https://github.com/mafintosh/tar-fs"
"tar-stream@1.6.2","MIT","https://github.com/mafintosh/tar-stream"
"tar-stream@2.2.0","MIT","https://github.com/mafintosh/tar-stream"
"tar@4.4.13","ISC","https://github.com/npm/node-tar"
"tar@6.1.0","ISC","https://github.com/npm/node-tar"
"temp-dir@1.0.0","MIT","https://github.com/sindresorhus/temp-dir"
"temp-dir@2.0.0","MIT","https://github.com/sindresorhus/temp-dir"
"tempfile@2.0.0","MIT","https://github.com/sindresorhus/tempfile"
"then-fs@2.0.0","MIT","https://github.com/then/fs"
"through2@2.0.5","MIT","https://github.com/rvagg/through2"
"through@2.3.8","MIT","https://github.com/dominictarr/through"
"tinycolor2@1.4.2","MIT","https://github.com/bgrins/TinyColor"
"tinygradient@0.4.3","MIT","https://github.com/mistic100/tinygradient"
"tmp@0.0.33","MIT","https://github.com/raszi/node-tmp"
"tmp@0.1.0","MIT","https://github.com/raszi/node-tmp"
"tmp@0.2.1","MIT","https://github.com/raszi/node-tmp"
"to-buffer@1.1.1","MIT","https://github.com/mafintosh/to-buffer"
"to-readable-stream@1.0.0","MIT","https://github.com/sindresorhus/to-readable-stream"
"to-readable-stream@2.1.0","MIT","https://github.com/sindresorhus/to-readable-stream"
"to-regex-range@5.0.1","MIT","https://github.com/micromatch/to-regex-range"
"toml@3.0.0","MIT","https://github.com/BinaryMuse/toml-node"
"tough-cookie@2.5.0","BSD-3-Clause","https://github.com/salesforce/tough-cookie"
"tree-kill@1.2.2","MIT","https://github.com/pkrumins/node-tree-kill"
"treeify@1.1.0","MIT","https://github.com/notatestuser/treeify"
"trim-newlines@3.0.1","MIT","https://github.com/sindresorhus/trim-newlines"
"tslib@1.11.1","Apache-2.0","https://github.com/Microsoft/tslib"
"tslib@1.14.1","0BSD","https://github.com/Microsoft/tslib"
"tslib@2.2.0","0BSD","https://github.com/Microsoft/tslib"
"tunnel-agent@0.6.0","Apache-2.0","https://github.com/mikeal/tunnel-agent"
"tunnel@0.0.6","MIT","https://github.com/koichik/node-tunnel"
"tweetnacl@0.14.5","Unlicense","https://github.com/dchest/tweetnacl-js"
"type-fest@0.10.0","(MIT OR CC0-1.0)","https://github.com/sindresorhus/type-fest"
"type-fest@0.13.1","(MIT OR CC0-1.0)","https://github.com/sindresorhus/type-fest"
"type-fest@0.18.1","(MIT OR CC0-1.0)","https://github.com/sindresorhus/type-fest"
"type-fest@0.20.2","(MIT OR CC0-1.0)","https://github.com/sindresorhus/type-fest"
"type-fest@0.21.3","(MIT OR CC0-1.0)","https://github.com/sindresorhus/type-fest"
"type-fest@0.6.0","(MIT OR CC0-1.0)","https://github.com/sindresorhus/type-fest"
"type-fest@0.8.1","(MIT OR CC0-1.0)","https://github.com/sindresorhus/type-fest"
"typedarray-to-buffer@3.1.5","MIT","https://github.com/feross/typedarray-to-buffer"
"unc-path-regex@0.1.2","MIT","https://github.com/regexhq/unc-path-regex"
"unique-string@2.0.0","MIT","https://github.com/sindresorhus/unique-string"
"universalify@0.1.2","MIT","https://github.com/RyanZim/universalify"
"upath@2.0.1","MIT","https://github.com/anodynos/upath"
"update-notifier@5.1.0","BSD-2-Clause","https://github.com/yeoman/update-notifier"
"uri-js@4.4.1","BSD-2-Clause","https://github.com/garycourt/uri-js"
"url-parse-lax@3.0.0","MIT","https://github.com/sindresorhus/url-parse-lax"
"utf8@3.0.0","MIT","https://github.com/mathiasbynens/utf8.js"
"util-deprecate@1.0.2","MIT","https://github.com/TooTallNate/util-deprecate"
"uuid@3.4.0","MIT","https://github.com/uuidjs/uuid"
"uuid@8.3.2","MIT","https://github.com/uuidjs/uuid"
"validate-npm-package-license@3.0.4","Apache-2.0","https://github.com/kemitchell/validate-npm-package-license.js"
"verror@1.10.0","MIT","https://github.com/davepacheco/node-verror"
"vscode-languageserver-types@3.16.0","MIT","https://github.com/Microsoft/vscode-languageserver-node"
"wcwidth@1.0.1","MIT","https://github.com/timoxley/wcwidth"
"which@1.3.1","ISC","https://github.com/isaacs/node-which"
"which@2.0.2","ISC","https://github.com/isaacs/node-which"
"wide-align@1.1.3","ISC","https://github.com/iarna/wide-align"
"widest-line@3.1.0","MIT","https://github.com/sindresorhus/widest-line"
"windows-release@3.3.3","MIT","https://github.com/sindresorhus/windows-release"
"wrap-ansi@5.1.0","MIT","https://github.com/chalk/wrap-ansi"
"wrap-ansi@7.0.0","MIT","https://github.com/chalk/wrap-ansi"
"wrappy@1.0.2","ISC","https://github.com/npm/wrappy"
"write-file-atomic@3.0.3","ISC","https://github.com/npm/write-file-atomic"
"xdg-basedir@4.0.0","MIT","https://github.com/sindresorhus/xdg-basedir"
"xml-js@1.6.11","MIT","https://github.com/nashwaan/xml-js"
"xml2js@0.4.23","MIT","https://github.com/Leonidas-from-XIV/node-xml2js"
"xmlbuilder@11.0.1","MIT","https://github.com/oozcitak/xmlbuilder-js"
"xtend@4.0.2","MIT","https://github.com/Raynos/xtend"
"yallist@2.1.2","ISC","https://github.com/isaacs/yallist"
"yallist@3.1.1","ISC","https://github.com/isaacs/yallist"
"yallist@4.0.0","ISC","https://github.com/isaacs/yallist"
"yaml-js@0.3.0","WTFPL","https://github.com/connec/yaml-js"
"yaml@1.10.2","ISC","https://github.com/eemeli/yaml"
"yargs-parser@20.2.7","ISC","https://github.com/yargs/yargs-parser"
